{
    "$schema": "https://raw.githubusercontent.com/martinring/tmlanguage/master/tmlanguage.json",
    "name": "Levython",
    "scopeName": "source.levython",
    "patterns": [
        { "include": "#comments" },
        { "include": "#strings" },
        { "include": "#numbers" },
        { "include": "#keywords" },
        { "include": "#functions" },
        { "include": "#builtins" },
        { "include": "#operators" },
        { "include": "#variables" }
    ],
    "repository": {
        "comments": {
            "patterns": [
                {
                    "name": "comment.line.number-sign.levython",
                    "match": "#.*$"
                }
            ]
        },
        "strings": {
            "patterns": [
                {
                    "name": "string.quoted.double.levython",
                    "begin": "\"",
                    "end": "\"",
                    "patterns": [
                        {
                            "name": "constant.character.escape.levython",
                            "match": "\\\\."
                        }
                    ]
                },
                {
                    "name": "string.quoted.single.levython",
                    "begin": "'",
                    "end": "'",
                    "patterns": [
                        {
                            "name": "constant.character.escape.levython",
                            "match": "\\\\."
                        }
                    ]
                }
            ]
        },
        "numbers": {
            "patterns": [
                {
                    "name": "constant.numeric.float.levython",
                    "match": "\\b[0-9]+\\.[0-9]+\\b"
                },
                {
                    "name": "constant.numeric.hex.levython",
                    "match": "\\b0x[0-9a-fA-F]+\\b"
                },
                {
                    "name": "constant.numeric.integer.levython",
                    "match": "\\b[0-9]+\\b"
                }
            ]
        },
        "keywords": {
            "patterns": [
                {
                    "name": "keyword.control.levython",
                    "match": "\\b(if|else|for|while|in|return|break|continue|import)\\b"
                },
                {
                    "name": "keyword.other.levython",
                    "match": "\\b(act|class|new|self|this)\\b"
                },
                {
                    "name": "constant.language.levython",
                    "match": "\\b(true|false|none|null)\\b"
                },
                {
                    "name": "keyword.operator.arrow.levython",
                    "match": "->"
                },
                {
                    "name": "keyword.operator.assignment.levython",
                    "match": "<-"
                }
            ]
        },
        "functions": {
            "patterns": [
                {
                    "name": "entity.name.function.levython",
                    "match": "\\b(act)\\s+([a-zA-Z_][a-zA-Z0-9_]*)",
                    "captures": {
                        "1": { "name": "keyword.other.levython" },
                        "2": { "name": "entity.name.function.levython" }
                    }
                },
                {
                    "name": "meta.function-call.levython",
                    "match": "\\b([a-zA-Z_][a-zA-Z0-9_]*)\\s*\\(",
                    "captures": {
                        "1": { "name": "entity.name.function.call.levython" }
                    }
                }
            ]
        },
        "builtins": {
            "patterns": [
                {
                    "name": "support.function.builtin.levython",
                    "match": "\\b(say|print|str|len|append|range|input|int|float|type|read_file|write_file|file_exists|pow|sqrt|abs|min|max|floor|ceil|round|sin|cos|tan|log|exp)\\b"
                },
                {
                    "name": "support.function.memory.levython",
                    "match": "\\b(mem_alloc|mem_free|mem_read8|mem_read16|mem_read32|mem_read64|mem_write8|mem_write16|mem_write32|mem_write64)\\b"
                },
                {
                    "name": "support.function.bitwise.levython",
                    "match": "\\b(bit_and|bit_or|bit_xor|bit_not|shift_left|shift_right)\\b"
                },
                {
                    "name": "support.function.tensor.levython",
                    "match": "\\b(tensor|tensor_add|tensor_mul|tensor_matmul|tensor_dot|tensor_sum|tensor_mean|simd_add_f32|simd_mul_f32)\\b"
                }
            ]
        },
        "operators": {
            "patterns": [
                {
                    "name": "keyword.operator.comparison.levython",
                    "match": "(==|!=|<=|>=|<|>)"
                },
                {
                    "name": "keyword.operator.arithmetic.levython",
                    "match": "(\\+|-|\\*|/|%|\\^)"
                },
                {
                    "name": "keyword.operator.logical.levython",
                    "match": "\\b(and|or|not)\\b"
                }
            ]
        },
        "variables": {
            "patterns": [
                {
                    "name": "variable.other.levython",
                    "match": "\\b[a-zA-Z_][a-zA-Z0-9_]*\\b"
                }
            ]
        }
    }
}
