{
    "Function": {
        "prefix": "act",
        "body": [
            "act ${1:function_name}(${2:params}) {",
            "    ${3:# function body}",
            "    -> ${4:result}",
            "}"
        ],
        "description": "Create a new function"
    },
    "If Statement": {
        "prefix": "if",
        "body": [
            "if ${1:condition} {",
            "    ${2:# code}",
            "}"
        ],
        "description": "If statement"
    },
    "If-Else Statement": {
        "prefix": "ife",
        "body": [
            "if ${1:condition} {",
            "    ${2:# if true}",
            "} else {",
            "    ${3:# if false}",
            "}"
        ],
        "description": "If-else statement"
    },
    "For Loop": {
        "prefix": "for",
        "body": [
            "for ${1:item} in ${2:items} {",
            "    ${3:# loop body}",
            "}"
        ],
        "description": "For loop"
    },
    "For Range": {
        "prefix": "forr",
        "body": [
            "for ${1:i} in range(${2:start}, ${3:end}) {",
            "    ${4:# loop body}",
            "}"
        ],
        "description": "For loop with range"
    },
    "While Loop": {
        "prefix": "while",
        "body": [
            "while ${1:condition} {",
            "    ${2:# loop body}",
            "}"
        ],
        "description": "While loop"
    },
    "Variable Assignment": {
        "prefix": "var",
        "body": "${1:name} <- ${2:value}",
        "description": "Variable assignment"
    },
    "Print/Say": {
        "prefix": "say",
        "body": "say(${1:\"message\"})",
        "description": "Print output"
    },
    "Print with Variable": {
        "prefix": "sayv",
        "body": "say(\"${1:label}: \" + str(${2:variable}))",
        "description": "Print with variable"
    },
    "List": {
        "prefix": "list",
        "body": "${1:name} <- [${2:items}]",
        "description": "Create a list"
    },
    "Append to List": {
        "prefix": "app",
        "body": "append(${1:list}, ${2:item})",
        "description": "Append to list"
    },
    "Import": {
        "prefix": "imp",
        "body": "import ${1:module}",
        "description": "Import a module"
    },
    "Fibonacci": {
        "prefix": "fib",
        "body": [
            "act fib(n) {",
            "    if n < 2 {",
            "        -> n",
            "    }",
            "    -> fib(n - 1) + fib(n - 2)",
            "}"
        ],
        "description": "Fibonacci function"
    },
    "Main Template": {
        "prefix": "main",
        "body": [
            "# ${1:Project Name}",
            "# Author: ${2:Your Name}",
            "",
            "say(\"Hello, Levython!\")",
            "",
            "${3:# Your code here}",
            ""
        ],
        "description": "Main file template"
    }
}
